{
    "header": {
        "Isexdep": "",
        "Pafvto": null,
        "Kunnr": "",
        "Pafvfrm": null,
        "Ti": "1",
        "Gst": "18",
        "Name": "",
        "Action": "",
        "Zterm": "",
        "Validity": "25",
        "Aufnr": "58321",
        "Vtweg": "",
        "Vkbur": "",
        "Spart": "",
        "ET_SALES_COORD_ISet": {"results":[]}
    },
    "item": {
        "Mfrgr": "",
        "Szmm": "",
        "Mvgr2": "",
        "Werks": "",
        "Prodh1": "",
        "CurrentVol": "10",
        "TotalVol": "10",
        "Disc": "10",
        "Schemedisc": "10",
        "Commbox": "10",
        "Commboxp": "10",
        "Frgtbx": "10",
        "Compname": "ABC",
        "Complanprice": "10",
        "Zzprodh4": "",
        "Mvgr5": ""
    }
}