{
    "header": {
        "KUNNR": "",
        "TI": "1%",
        "GST": "18%",
        "NAME": "",
        "ACTION": "",
        "ZTERM": "",
        "VALIDITY": "",
        "AUFNR": "",
        "VTWEG": "",
        "VKBUR": "",
        "FKART": "",
        "SPART": "",
        "items": []
    },
    "item": {
        "CURRENTV": "",
        "CURVOLFT": "",
        "KUNNR": "",
        "LANDEDP": "",
        "MFRGR": "",
        "NEF": "",
        "SZCM": "",
        "WERKS": "",
        "ZZPRODH4": "",
        "PRODH1": "",
        "VKBUR": "",
        "PAFVFRM": "",
        "PAFVTO": "",
        "ERNAM": "",
        "ERDAT": "",
        "ERZET": "",
        "LOEKZ": "",
        "ZDISP": "",
        "ISEXDEP": "",
        "ISMEGAL": "",
        "ZTERM": "",
        "VSART": "",
        "MVGR2": "",
        "MVGR5": "",
        "COVERAGE": "",
        "BOXES": "",
        "NOSQ": "",
        "EXFAC": "",
        "EXDEP": "",
        "MRP": "",
        "DISC": "",
        "DISCB": "",
        "GST": "",
        "FRGTBX": "",
        "TI": "",
        "GSTI": "",
        "LDDBOX": "",
        "LDDSFT": "",
        "AGENT": "",
        "COMMBO.": "",
        "COMPTRSFT": "",
        "DLCOMSFT": "",
        "NETEXB": "",
        "NETEXSQ": "",
        "COMMBO": "",
        "SBPRICE": "",
        "SPART": ""
    }
}